<?xml version="1.0" encoding="UTF-8"?>
<project-private xmlns="http://www.netbeans.org/ns/project-private/1">
    <editor-bookmarks xmlns="http://www.netbeans.org/ns/editor-bookmarks/2" lastBookmarkId="0"/>
    <open-files xmlns="http://www.netbeans.org/ns/projectui-open-files/2">
        <group>
            <file>file:/Users/josh/Documents/Java-Language/CMP_SC_3330/hg7v3MyNewStopwatch/src/mystopwatch/MyStopWatch.java</file>
            <file>file:/Users/josh/Documents/Java-Language/CMP_SC_3330/hg7v3MyNewStopwatch/src/mystopwatch/AnalogStopWatch.java</file>
        </group>
    </open-files>
</project-private>
